0,1,test_label,seed,model
0.13589034974575043,0.8641096353530884,1.0,556209273,transfer-80:20
0.9999892711639404,1.0738404853327665e-05,0.0,556209273,transfer-80:20
0.135911226272583,0.8640887141227722,1.0,556209273,transfer-80:20
0.005770876072347164,0.9942290782928467,1.0,556209273,transfer-80:20
0.44937220215797424,0.5506278276443481,0.0,556209273,transfer-80:20
0.0013126450357958674,0.9986873269081116,1.0,556209273,transfer-80:20
0.1189458817243576,0.8810541033744812,0.0,556209273,transfer-80:20
0.16160747408866882,0.8383924961090088,0.0,556209273,transfer-80:20
0.039533887058496475,0.9604660868644714,0.0,556209273,transfer-80:20
0.882411777973175,0.11758819222450256,1.0,556209273,transfer-80:20
1.0,8.590261835195179e-11,0.0,556209273,transfer-80:20
0.13668939471244812,0.8633106350898743,0.0,556209273,transfer-80:20
0.03881185129284859,0.9611881375312805,1.0,556209273,transfer-80:20
0.0546937994658947,0.9453062415122986,1.0,556209273,transfer-80:20
0.024792317301034927,0.9752076864242554,1.0,556209273,transfer-80:20
0.07506192475557327,0.9249380230903625,1.0,556209273,transfer-80:20
1.0,2.7632369049152006e-12,0.0,556209273,transfer-80:20
0.027935506775975227,0.9720644354820251,1.0,556209273,transfer-80:20
0.018463803455233574,0.9815362095832825,1.0,556209273,transfer-80:20
0.07344290614128113,0.9265571236610413,1.0,556209273,transfer-80:20
0.27465882897377014,0.7253412008285522,0.0,556209273,transfer-80:20
0.01835641823709011,0.9816436171531677,1.0,556209273,transfer-80:20
1.0,2.5293986904983967e-09,0.0,556209273,transfer-80:20
0.37158387899398804,0.6284161806106567,0.0,556209273,transfer-80:20
0.0734015479683876,0.9265984892845154,1.0,556209273,transfer-80:20
0.05308913439512253,0.9469109177589417,1.0,556209273,transfer-80:20
0.09590420126914978,0.9040958285331726,0.0,556209273,transfer-80:20
0.031085483729839325,0.9689145088195801,1.0,556209273,transfer-80:20
0.01417444460093975,0.9858255982398987,1.0,556209273,transfer-80:20
0.08667178452014923,0.9133281707763672,1.0,556209273,transfer-80:20
0.053030312061309814,0.9469696879386902,1.0,556209273,transfer-80:20
0.13589029014110565,0.8641097545623779,0.0,556209273,transfer-80:20
0.02687700465321541,0.9731229543685913,1.0,556209273,transfer-80:20
0.1428924798965454,0.8571075201034546,1.0,556209273,transfer-80:20
0.08209311962127686,0.9179068803787231,1.0,556209273,transfer-80:20
0.06943614035844803,0.9305638670921326,0.0,556209273,transfer-80:20
0.01835641823709011,0.9816436171531677,1.0,556209273,transfer-80:20
0.010893512517213821,0.9891064763069153,1.0,556209273,transfer-80:20
1.0,1.2874781241123401e-08,0.0,556209273,transfer-80:20
0.2751355469226837,0.7248644232749939,1.0,556209273,transfer-80:20
0.1367340236902237,0.8632659316062927,1.0,556209273,transfer-80:20
0.07569420337677002,0.9243057370185852,1.0,556209273,transfer-80:20
0.14869776368141174,0.8513022661209106,1.0,556209273,transfer-80:20
0.07345022261142731,0.9265497326850891,1.0,556209273,transfer-80:20
0.046702638268470764,0.9532973766326904,1.0,556209273,transfer-80:20
0.026689395308494568,0.973310649394989,1.0,556209273,transfer-80:20
0.09997573494911194,0.9000242948532104,1.0,556209273,transfer-80:20
0.07790596038103104,0.9220939874649048,1.0,556209273,transfer-80:20
0.09817519038915634,0.9018248319625854,1.0,556209273,transfer-80:20
0.10960666835308075,0.8903933763504028,1.0,556209273,transfer-80:20
0.5090672969818115,0.4909327030181885,0.0,556209273,transfer-80:20
0.011438255198299885,0.988561749458313,1.0,556209273,transfer-80:20
0.042642634361982346,0.9573573470115662,1.0,556209273,transfer-80:20
0.011416144669055939,0.9885839223861694,1.0,556209273,transfer-80:20
0.1364051252603531,0.8635948300361633,1.0,556209273,transfer-80:20
0.08997544646263123,0.9100245237350464,1.0,556209273,transfer-80:20
0.13609127700328827,0.8639087080955505,0.0,556209273,transfer-80:20
0.9998874664306641,0.00011252569674979895,0.0,556209273,transfer-80:20
0.6299018263816833,0.37009814381599426,0.0,556209273,transfer-80:20
0.02395668253302574,0.9760432839393616,1.0,556209273,transfer-80:20
0.01835641823709011,0.9816436171531677,1.0,556209273,transfer-80:20
0.16067127883434296,0.8393287062644958,0.0,556209273,transfer-80:20
0.390727698802948,0.6092722415924072,0.0,556209273,transfer-80:20
0.004342373926192522,0.9956576824188232,1.0,556209273,transfer-80:20
0.006877328734844923,0.9931226372718811,1.0,556209273,transfer-80:20
0.07345135509967804,0.9265486001968384,1.0,556209273,transfer-80:20
0.13592366874217987,0.8640763759613037,1.0,556209273,transfer-80:20
0.5226944088935852,0.4773055911064148,1.0,556209273,transfer-80:20
0.016738124191761017,0.9832618236541748,1.0,556209273,transfer-80:20
0.13588188588619232,0.8641180992126465,1.0,556209273,transfer-80:20
0.05726132541894913,0.9427386522293091,1.0,556209273,transfer-80:20
0.9802062511444092,0.019793810322880745,0.0,556209273,transfer-80:20
0.1559334546327591,0.8440665602684021,1.0,556209273,transfer-80:20
1.0,2.8088028864586834e-12,0.0,556209273,transfer-80:20
0.11801256984472275,0.881987452507019,1.0,556209273,transfer-80:20
0.9999998807907104,7.358814002600411e-08,0.0,556209273,transfer-80:20
0.07535559684038162,0.924644410610199,1.0,556209273,transfer-80:20
0.31088724732398987,0.6891127228736877,1.0,556209273,transfer-80:20
0.003226561238989234,0.9967734217643738,1.0,556209273,transfer-80:20
0.04019353166222572,0.959806501865387,0.0,556209273,transfer-80:20
2.290611337230075e-05,0.9999771118164062,1.0,556209273,transfer-80:20
0.0009762588306330144,0.9990237951278687,1.0,556209273,transfer-80:20
0.9999990463256836,9.504429385742696e-07,0.0,556209273,transfer-80:20
0.15706990659236908,0.8429301381111145,1.0,556209273,transfer-80:20
0.19981421530246735,0.8001857995986938,1.0,556209273,transfer-80:20
0.018463803455233574,0.9815362095832825,1.0,556209273,transfer-80:20
0.0005134276580065489,0.9994865655899048,1.0,556209273,transfer-80:20
0.09817519038915634,0.9018248319625854,1.0,556209273,transfer-80:20
0.07393024861812592,0.9260697364807129,1.0,556209273,transfer-80:20
0.156118705868721,0.8438813090324402,0.0,556209273,transfer-80:20
0.12652289867401123,0.8734771609306335,1.0,556209273,transfer-80:20
0.15103474259376526,0.8489652872085571,0.0,556209273,transfer-80:20
0.14133426547050476,0.8586657643318176,1.0,556209273,transfer-80:20
0.09442156553268433,0.9055784940719604,1.0,556209273,transfer-80:20
0.07340885698795319,0.9265912175178528,1.0,556209273,transfer-80:20
0.13585782051086426,0.864142119884491,1.0,556209273,transfer-80:20
0.1146860271692276,0.8853139281272888,0.0,556209273,transfer-80:20
0.18155492842197418,0.8184450268745422,1.0,556209273,transfer-80:20
0.1525973379611969,0.8474026322364807,1.0,556209273,transfer-80:20
0.9999990463256836,9.004123739941861e-07,0.0,556209273,transfer-80:20
0.9998799562454224,0.00012001029244856909,0.0,556209273,transfer-80:20
0.999987006187439,1.2948006769875064e-05,0.0,556209273,transfer-80:20
0.12774132192134857,0.872258722782135,1.0,556209273,transfer-80:20
0.06272803246974945,0.9372720122337341,0.0,556209273,transfer-80:20
0.9999998807907104,6.109591055292185e-08,0.0,556209273,transfer-80:20
0.07338563352823257,0.9266143441200256,1.0,556209273,transfer-80:20
0.03716316074132919,0.9628368020057678,1.0,556209273,transfer-80:20
0.07308118045330048,0.9269188046455383,0.0,556209273,transfer-80:20
1.0,7.354976138762917e-14,1.0,556209273,transfer-80:20
0.0778011754155159,0.9221987724304199,1.0,556209273,transfer-80:20
0.3642885088920593,0.6357114911079407,0.0,556209273,transfer-80:20
0.15518827736377716,0.844811737537384,1.0,556209273,transfer-80:20
0.04084913432598114,0.9591509103775024,1.0,556209273,transfer-80:20
0.13691124320030212,0.8630887269973755,1.0,556209273,transfer-80:20
0.7712628245353699,0.22873714566230774,0.0,556209273,transfer-80:20
0.1549300104379654,0.845069944858551,0.0,556209273,transfer-80:20
0.9804507493972778,0.019549304619431496,0.0,556209273,transfer-80:20
0.05291081219911575,0.9470892548561096,1.0,556209273,transfer-80:20
0.05015133321285248,0.9498485922813416,1.0,556209273,transfer-80:20
0.0031255052890628576,0.9968744516372681,1.0,556209273,transfer-80:20
0.9812869429588318,0.018713098019361496,0.0,556209273,transfer-80:20
0.13550078868865967,0.8644992709159851,1.0,556209273,transfer-80:20
0.027935506775975227,0.9720644354820251,1.0,556209273,transfer-80:20
0.06346086412668228,0.9365391135215759,1.0,556209273,transfer-80:20
0.004332966636866331,0.9956669807434082,1.0,556209273,transfer-80:20
0.07343874126672745,0.9265612363815308,1.0,556209273,transfer-80:20
0.13592422008514404,0.8640757203102112,1.0,556209273,transfer-80:20
0.03251954913139343,0.967480480670929,1.0,556209273,transfer-80:20
0.07758363336324692,0.9224163889884949,1.0,556209273,transfer-80:20
0.13644513487815857,0.863554835319519,1.0,556209273,transfer-80:20
0.21703308820724487,0.7829669117927551,1.0,556209273,transfer-80:20
0.0043297624215483665,0.9956701993942261,1.0,556209273,transfer-80:20
0.031054576858878136,0.9689453840255737,1.0,556209273,transfer-80:20
0.018364759162068367,0.9816352128982544,1.0,556209273,transfer-80:20
0.011438255198299885,0.988561749458313,1.0,556209273,transfer-80:20
0.00019713146321009845,0.9998028874397278,1.0,556209273,transfer-80:20
0.00435818824917078,0.995641827583313,1.0,556209273,transfer-80:20
0.0343581847846508,0.9656418561935425,1.0,556209273,transfer-80:20
0.9998495578765869,0.00015043653547763824,0.0,556209273,transfer-80:20
0.3394380211830139,0.6605620384216309,1.0,556209273,transfer-80:20
1.0,2.2517016029510728e-10,0.0,556209273,transfer-80:20
0.6045143008232117,0.3954857289791107,0.0,556209273,transfer-80:20
0.48989802598953247,0.5101019740104675,1.0,556209273,transfer-80:20
0.9932726621627808,0.006727308500558138,0.0,556209273,transfer-80:20
0.01835641823709011,0.9816436171531677,1.0,556209273,transfer-80:20
0.011776288971304893,0.988223671913147,1.0,556209273,transfer-80:20
0.010893512517213821,0.9891064763069153,1.0,556209273,transfer-80:20
0.2659449279308319,0.7340550422668457,1.0,556209273,transfer-80:20
0.1716783195734024,0.828321635723114,1.0,556209273,transfer-80:20
0.3365873694419861,0.6634125709533691,1.0,556209273,transfer-80:20
0.14848951995372772,0.8515105247497559,0.0,556209273,transfer-80:20
0.01835641823709011,0.9816436171531677,1.0,556209273,transfer-80:20
0.025897445157170296,0.9741025567054749,1.0,556209273,transfer-80:20
0.07514716684818268,0.9248529076576233,1.0,556209273,transfer-80:20
0.13497358560562134,0.8650263547897339,1.0,556209273,transfer-80:20
0.07842697948217392,0.9215729832649231,1.0,556209273,transfer-80:20
0.07335793226957321,0.9266420602798462,1.0,556209273,transfer-80:20
0.15870290994644165,0.8412970900535583,0.0,556209273,transfer-80:20
0.7964115738868713,0.20358841121196747,0.0,556209273,transfer-80:20
0.15518827736377716,0.844811737537384,1.0,556209273,transfer-80:20
0.004373563919216394,0.9956264495849609,1.0,556209273,transfer-80:20
0.06963767856359482,0.9303622841835022,1.0,556209273,transfer-80:20
0.9999297857284546,7.01591998222284e-05,0.0,556209273,transfer-80:20
0.03145649656653404,0.968543529510498,1.0,556209273,transfer-80:20
0.13439799845218658,0.8656020164489746,1.0,556209273,transfer-80:20
0.04096972942352295,0.959030270576477,1.0,556209273,transfer-80:20
0.028029218316078186,0.9719707369804382,0.0,556209273,transfer-80:20
0.08100171387195587,0.9189983010292053,1.0,556209273,transfer-80:20
0.14758716523647308,0.8524128198623657,1.0,556209273,transfer-80:20
0.1876227855682373,0.8123772144317627,1.0,556209273,transfer-80:20
0.0372672900557518,0.96273273229599,1.0,556209273,transfer-80:20
0.14460355043411255,0.8553964495658875,1.0,556209273,transfer-80:20
0.2779621183872223,0.7220378518104553,1.0,556209273,transfer-80:20
0.13586977124214172,0.8641301989555359,1.0,556209273,transfer-80:20
0.13711227476596832,0.8628877401351929,1.0,556209273,transfer-80:20
0.13586142659187317,0.8641386032104492,1.0,556209273,transfer-80:20
0.2534021735191345,0.7465978264808655,1.0,556209273,transfer-80:20
0.1380559504032135,0.8619440197944641,1.0,556209273,transfer-80:20
0.07544101029634476,0.9245589971542358,1.0,556209273,transfer-80:20
0.08984711021184921,0.9101529121398926,0.0,556209273,transfer-80:20
0.21678514778614044,0.783214807510376,1.0,556209273,transfer-80:20
0.8421042561531067,0.1578957885503769,1.0,556209273,transfer-80:20
0.07734830677509308,0.9226517081260681,1.0,556209273,transfer-80:20
0.09916412085294724,0.9008358716964722,0.0,556209273,transfer-80:20
0.01842658594250679,0.9815734028816223,1.0,556209273,transfer-80:20
0.01835641823709011,0.9816436171531677,1.0,556209273,transfer-80:20
0.004947788547724485,0.9950522780418396,1.0,556209273,transfer-80:20
1.0,8.212784619043845e-11,0.0,556209273,transfer-80:20
0.10258938372135162,0.8974106311798096,1.0,556209273,transfer-80:20
0.07308541983366013,0.9269145131111145,1.0,556209273,transfer-80:20
0.20346003770828247,0.7965400218963623,1.0,556209273,transfer-80:20
0.07853569090366364,0.9214643836021423,1.0,556209273,transfer-80:20
0.14400026202201843,0.8559997081756592,1.0,556209273,transfer-80:20
0.13585397601127625,0.8641460537910461,1.0,556209273,transfer-80:20
0.13583382964134216,0.8641662001609802,1.0,556209273,transfer-80:20
0.015169254504144192,0.9848307371139526,1.0,556209273,transfer-80:20
0.07347503304481506,0.9265249967575073,1.0,556209273,transfer-80:20
0.15147711336612701,0.8485229015350342,0.0,556209273,transfer-80:20
0.03152381628751755,0.9684762358665466,1.0,556209273,transfer-80:20
0.0546937994658947,0.9453062415122986,1.0,556209273,transfer-80:20
0.10953971743583679,0.8904603123664856,1.0,556209273,transfer-80:20
0.12652289867401123,0.8734771609306335,1.0,556209273,transfer-80:20
0.5226944088935852,0.4773055911064148,1.0,556209273,transfer-80:20
0.06966674327850342,0.9303331971168518,0.0,556209273,transfer-80:20
0.9465301036834717,0.0534699372947216,0.0,556209273,transfer-80:20
0.053054481744766235,0.9469455480575562,1.0,556209273,transfer-80:20
0.02834107168018818,0.9716588854789734,1.0,556209273,transfer-80:20
0.04465498775243759,0.955345094203949,0.0,556209273,transfer-80:20
0.7844153642654419,0.21558460593223572,0.0,556209273,transfer-80:20
0.2905576229095459,0.7094423770904541,1.0,556209273,transfer-80:20
0.535241425037384,0.46475857496261597,0.0,556209273,transfer-80:20
0.028696423396468163,0.9713035821914673,1.0,556209273,transfer-80:20
0.3046269416809082,0.6953730583190918,1.0,556209273,transfer-80:20
0.14167064428329468,0.8583293557167053,1.0,556209273,transfer-80:20
0.053125400096178055,0.9468745589256287,1.0,556209273,transfer-80:20
2.366850821999833e-05,0.9999762773513794,1.0,556209273,transfer-80:20
0.9999767541885376,2.3243135728989728e-05,0.0,556209273,transfer-80:20
0.18440772593021393,0.8155922889709473,1.0,556209273,transfer-80:20
0.10043448954820633,0.8995654582977295,1.0,556209273,transfer-80:20
0.9627925157546997,0.037207458168268204,0.0,556209273,transfer-80:20
0.5066362619400024,0.49336373805999756,0.0,556209273,transfer-80:20
0.14938504993915558,0.8506149649620056,1.0,556209273,transfer-80:20
0.2731933891773224,0.726806640625,1.0,556209273,transfer-80:20
0.0246469434350729,0.9753530621528625,1.0,556209273,transfer-80:20
0.2659449279308319,0.7340550422668457,1.0,556209273,transfer-80:20
0.22615012526512146,0.7738499045372009,1.0,556209273,transfer-80:20
0.07390552014112473,0.9260944724082947,1.0,556209273,transfer-80:20
0.6440098881721497,0.35599011182785034,0.0,556209273,transfer-80:20
0.004333036486059427,0.9956669807434082,1.0,556209273,transfer-80:20
0.08962881565093994,0.9103711843490601,1.0,556209273,transfer-80:20
0.0005134276580065489,0.9994865655899048,1.0,556209273,transfer-80:20
0.015116870403289795,0.9848831295967102,1.0,556209273,transfer-80:20
0.07329752296209335,0.9267024397850037,1.0,556209273,transfer-80:20
0.15377546846866608,0.8462245464324951,1.0,556209273,transfer-80:20
0.015074370428919792,0.9849256873130798,1.0,556209273,transfer-80:20
0.07789620757102966,0.9221038222312927,1.0,556209273,transfer-80:20
0.5226944088935852,0.4773055911064148,0.0,556209273,transfer-80:20
0.07521776854991913,0.9247822165489197,1.0,556209273,transfer-80:20
0.3730257749557495,0.6269742250442505,1.0,556209273,transfer-80:20
0.13590416312217712,0.8640958666801453,1.0,556209273,transfer-80:20
0.9998332262039185,0.00016674306243658066,0.0,556209273,transfer-80:20
0.1487455815076828,0.851254403591156,1.0,556209273,transfer-80:20
0.05264775827527046,0.9473522305488586,1.0,556209273,transfer-80:20
0.12652289867401123,0.8734771609306335,1.0,556209273,transfer-80:20
0.19574536383152008,0.8042545914649963,1.0,556209273,transfer-80:20
0.09797728806734085,0.902022659778595,1.0,556209273,transfer-80:20
0.24629107117652893,0.7537088990211487,1.0,556209273,transfer-80:20
1.0,3.5361071848427628e-09,0.0,556209273,transfer-80:20
0.04101714491844177,0.9589828848838806,1.0,556209273,transfer-80:20
0.000502861337736249,0.9994971752166748,1.0,556209273,transfer-80:20
0.004329926799982786,0.9956700801849365,1.0,556209273,transfer-80:20
0.252901166677475,0.7470988631248474,1.0,556209273,transfer-80:20
1.0,2.9600968787235615e-08,0.0,556209273,transfer-80:20
0.13668377697467804,0.8633162379264832,1.0,556209273,transfer-80:20
0.033683136105537415,0.966316819190979,1.0,556209273,transfer-80:20
0.05341647192835808,0.9465835094451904,0.0,556209273,transfer-80:20
0.24340972304344177,0.7565903067588806,0.0,556209273,transfer-80:20
0.992462158203125,0.007537785451859236,0.0,556209273,transfer-80:20
0.03575064241886139,0.9642493724822998,1.0,556209273,transfer-80:20
0.1650978922843933,0.8349021077156067,1.0,556209273,transfer-80:20
0.13578283786773682,0.8642171621322632,1.0,556209273,transfer-80:20
0.027935506775975227,0.9720644354820251,1.0,556209273,transfer-80:20
0.04364088177680969,0.9563590884208679,1.0,556209273,transfer-80:20
0.9923923015594482,0.007607622072100639,0.0,556209273,transfer-80:20
0.03350747004151344,0.9664925336837769,1.0,556209273,transfer-80:20
0.05913679674267769,0.9408631920814514,1.0,556209273,transfer-80:20
0.004336069338023663,0.9956639409065247,1.0,556209273,transfer-80:20
0.12612807750701904,0.8738719820976257,1.0,556209273,transfer-80:20
0.13346825540065765,0.8665317296981812,0.0,556209273,transfer-80:20
0.21019692718982697,0.7898030281066895,1.0,556209273,transfer-80:20
0.03534633666276932,0.9646536707878113,1.0,556209273,transfer-80:20
0.134873166680336,0.8651268482208252,1.0,556209273,transfer-80:20
0.16568128764629364,0.8343187570571899,0.0,556209273,transfer-80:20
0.03312322124838829,0.966876745223999,1.0,556209273,transfer-80:20
0.15104560554027557,0.8489543795585632,0.0,556209273,transfer-80:20
0.13588733971118927,0.8641126751899719,1.0,556209273,transfer-80:20
0.09256561845541,0.907434344291687,1.0,556209273,transfer-80:20
0.027935506775975227,0.9720644354820251,1.0,556209273,transfer-80:20
0.13590656220912933,0.8640934228897095,1.0,556209273,transfer-80:20
0.04009489342570305,0.9599051475524902,0.0,556209273,transfer-80:20
0.8946720361709595,0.10532794147729874,0.0,556209273,transfer-80:20
0.07335706800222397,0.926642894744873,1.0,556209273,transfer-80:20
0.0770082026720047,0.9229917526245117,1.0,556209273,transfer-80:20
0.10103828459978104,0.8989617228507996,1.0,556209273,transfer-80:20
0.030756397172808647,0.9692436456680298,1.0,556209273,transfer-80:20
0.0546937994658947,0.9453062415122986,1.0,556209273,transfer-80:20
0.004336806945502758,0.9956632256507874,1.0,556209273,transfer-80:20
0.13703316450119019,0.8629668354988098,1.0,556209273,transfer-80:20
0.39889392256736755,0.6011060476303101,1.0,556209273,transfer-80:20
0.20721466839313507,0.7927852869033813,1.0,556209273,transfer-80:20
0.09057746082544327,0.9094225168228149,1.0,556209273,transfer-80:20
0.015709849074482918,0.9842901825904846,1.0,556209273,transfer-80:20
1.0,9.247224513897478e-11,0.0,556209273,transfer-80:20
0.01835641823709011,0.9816436171531677,1.0,556209273,transfer-80:20
0.004355232231318951,0.9956448078155518,1.0,556209273,transfer-80:20
0.14869776368141174,0.8513022661209106,1.0,556209273,transfer-80:20
1.0,2.409575039497014e-10,0.0,556209273,transfer-80:20
0.029388610273599625,0.9706113934516907,1.0,556209273,transfer-80:20
0.997715950012207,0.0022840588353574276,0.0,556209273,transfer-80:20
0.13586664199829102,0.864133358001709,1.0,556209273,transfer-80:20
0.07336655259132385,0.9266334772109985,1.0,556209273,transfer-80:20
0.07341393083333969,0.9265860915184021,1.0,556209273,transfer-80:20
0.01363534014672041,0.9863646030426025,1.0,556209273,transfer-80:20
0.13881438970565796,0.8611856698989868,1.0,556209273,transfer-80:20
0.22497224807739258,0.7750278115272522,1.0,556209273,transfer-80:20
0.0774889886379242,0.9225110411643982,1.0,556209273,transfer-80:20
1.0,8.408763962908239e-11,0.0,556209273,transfer-80:20
0.09053465723991394,0.9094653129577637,1.0,556209273,transfer-80:20
0.13954076170921326,0.8604592084884644,1.0,556209273,transfer-80:20
0.8598507642745972,0.14014926552772522,1.0,556209273,transfer-80:20
0.012466578744351864,0.987533450126648,1.0,556209273,transfer-80:20
0.2727257013320923,0.7272742986679077,1.0,556209273,transfer-80:20
0.15803110599517822,0.8419689536094666,1.0,556209273,transfer-80:20
0.15360881388187408,0.8463912010192871,0.0,556209273,transfer-80:20
0.13550078868865967,0.8644992709159851,1.0,556209273,transfer-80:20
0.9023998379707336,0.09760009497404099,0.0,556209273,transfer-80:20
0.13593991100788116,0.86406010389328,1.0,556209273,transfer-80:20
0.08912377059459686,0.9108762145042419,1.0,556209273,transfer-80:20
0.0005127761978656054,0.9994871616363525,1.0,556209273,transfer-80:20
0.22302475571632385,0.7769752144813538,0.0,556209273,transfer-80:20
0.134530708193779,0.8654693365097046,1.0,556209273,transfer-80:20
0.0977630540728569,0.9022369980812073,0.0,556209273,transfer-80:20
0.13534167408943176,0.8646582961082458,1.0,556209273,transfer-80:20
0.08343128859996796,0.9165686964988708,1.0,556209273,transfer-80:20
0.11875611543655396,0.881243884563446,0.0,556209273,transfer-80:20
0.07535402476787567,0.9246459603309631,1.0,556209273,transfer-80:20
0.1365664303302765,0.8634335994720459,1.0,556209273,transfer-80:20
0.1691584289073944,0.8308415412902832,1.0,556209273,transfer-80:20
0.08984711021184921,0.9101529121398926,0.0,556209273,transfer-80:20
0.2241111695766449,0.7758888006210327,1.0,556209273,transfer-80:20
0.07336807996034622,0.9266319274902344,1.0,556209273,transfer-80:20
0.08669766783714294,0.9133023619651794,1.0,556209273,transfer-80:20
0.1151743158698082,0.8848257064819336,1.0,556209273,transfer-80:20
0.01835641823709011,0.9816436171531677,1.0,556209273,transfer-80:20
1.0761307748907711e-05,0.9999892711639404,1.0,556209273,transfer-80:20
0.8160838484764099,0.18391618132591248,0.0,556209273,transfer-80:20
0.13586291670799255,0.8641370534896851,1.0,556209273,transfer-80:20
0.06468100845813751,0.9353190660476685,0.0,556209273,transfer-80:20
0.09951233118772507,0.9004876613616943,1.0,556209273,transfer-80:20
0.027935506775975227,0.9720644354820251,1.0,556209273,transfer-80:20
0.1403942108154297,0.8596058487892151,1.0,556209273,transfer-80:20
0.20752809941768646,0.7924718856811523,1.0,556209273,transfer-80:20
0.010893512517213821,0.9891064763069153,1.0,556209273,transfer-80:20
0.05316418781876564,0.9468357563018799,0.0,556209273,transfer-80:20
0.3897530436515808,0.6102468967437744,1.0,556209273,transfer-80:20
0.011438255198299885,0.988561749458313,1.0,556209273,transfer-80:20
0.019921017810702324,0.9800789952278137,1.0,556209273,transfer-80:20
0.14938504993915558,0.8506149649620056,1.0,556209273,transfer-80:20
0.01835641823709011,0.9816436171531677,1.0,556209273,transfer-80:20
0.004362218547612429,0.995637834072113,1.0,556209273,transfer-80:20
0.0008293153368867934,0.9991706609725952,1.0,556209273,transfer-80:20
0.17383572459220886,0.8261643052101135,1.0,556209273,transfer-80:20
0.04773760959506035,0.9522624015808105,1.0,556209273,transfer-80:20
0.027935506775975227,0.9720644354820251,1.0,556209273,transfer-80:20
0.9627886414527893,0.0372113436460495,0.0,556209273,transfer-80:20
0.1367931067943573,0.8632068634033203,1.0,556209273,transfer-80:20
0.18374811112880707,0.8162518739700317,1.0,556209273,transfer-80:20
0.033413827419281006,0.966586172580719,1.0,556209273,transfer-80:20
0.06272803246974945,0.9372720122337341,1.0,556209273,transfer-80:20
0.0002115199895342812,0.9997884631156921,1.0,556209273,transfer-80:20
0.9266037940979004,0.07339619100093842,0.0,556209273,transfer-80:20
0.9854720234870911,0.014527945779263973,1.0,556209273,transfer-80:20
0.13606321811676025,0.8639368414878845,1.0,556209273,transfer-80:20
0.0198884978890419,0.9801115393638611,1.0,556209273,transfer-80:20
0.07665837556123734,0.9233415722846985,1.0,556209273,transfer-80:20
0.02703729085624218,0.9729626774787903,1.0,556209273,transfer-80:20
0.000502861337736249,0.9994971752166748,1.0,556209273,transfer-80:20
0.08433172106742859,0.915668249130249,1.0,556209273,transfer-80:20
0.2480684518814087,0.7519315481185913,1.0,556209273,transfer-80:20
0.855607271194458,0.1443927139043808,0.0,556209273,transfer-80:20
0.9999675750732422,3.243398532504216e-05,0.0,556209273,transfer-80:20
0.018455639481544495,0.9815443754196167,1.0,556209273,transfer-80:20
1.0,1.3433688605957173e-09,0.0,556209273,transfer-80:20
0.02843584679067135,0.9715641140937805,1.0,556209273,transfer-80:20
0.12652289867401123,0.8734771609306335,1.0,556209273,transfer-80:20
0.1427832990884781,0.8572167158126831,1.0,556209273,transfer-80:20
0.13657435774803162,0.863425612449646,1.0,556209273,transfer-80:20
0.10604508966207504,0.893954873085022,1.0,556209273,transfer-80:20
0.09624782204627991,0.9037522077560425,0.0,556209273,transfer-80:20
0.07647868245840073,0.9235212802886963,1.0,556209273,transfer-80:20
0.9999998807907104,1.6191746965432685e-07,0.0,556209273,transfer-80:20
0.24649333953857422,0.7535066604614258,1.0,556209273,transfer-80:20
0.7745210528373718,0.22547893226146698,0.0,556209273,transfer-80:20
0.9647711515426636,0.03522879630327225,0.0,556209273,transfer-80:20
0.06272803246974945,0.9372720122337341,1.0,556209273,transfer-80:20
0.1584501713514328,0.841549813747406,1.0,556209273,transfer-80:20
0.031085483729839325,0.9689145088195801,1.0,556209273,transfer-80:20
0.8602935671806335,0.13970646262168884,0.0,556209273,transfer-80:20
0.9074393510818481,0.09256065636873245,0.0,556209273,transfer-80:20
0.01835641823709011,0.9816436171531677,1.0,556209273,transfer-80:20
0.01850905828177929,0.981490969657898,1.0,556209273,transfer-80:20
0.9999983310699463,1.6770646880104323e-06,0.0,556209273,transfer-80:20
0.01601172424852848,0.9839882254600525,1.0,556209273,transfer-80:20
0.02218039333820343,0.9778196215629578,0.0,556209273,transfer-80:20
0.0198884978890419,0.9801115393638611,1.0,556209273,transfer-80:20
0.9308902621269226,0.06910974532365799,0.0,556209273,transfer-80:20
0.0002930239716079086,0.9997069239616394,1.0,556209273,transfer-80:20
0.9920809864997864,0.007918993011116982,0.0,556209273,transfer-80:20
0.05314275622367859,0.9468572735786438,1.0,556209273,transfer-80:20
0.9441937208175659,0.05580627918243408,0.0,556209273,transfer-80:20
0.2779465913772583,0.7220533490180969,1.0,556209273,transfer-80:20
0.031054576858878136,0.9689453840255737,1.0,556209273,transfer-80:20
0.13578298687934875,0.8642170429229736,0.0,556209273,transfer-80:20
0.04100620374083519,0.9589937329292297,1.0,556209273,transfer-80:20
0.1362883597612381,0.8637117147445679,1.0,556209273,transfer-80:20
0.0005134276580065489,0.9994865655899048,1.0,556209273,transfer-80:20
0.06620685011148453,0.9337931275367737,1.0,556209273,transfer-80:20
1.0,2.2095896293206074e-11,0.0,556209273,transfer-80:20
0.2534257471561432,0.7465742230415344,1.0,556209273,transfer-80:20
0.13594412803649902,0.864055871963501,1.0,556209273,transfer-80:20
0.08002062141895294,0.9199793338775635,1.0,556209273,transfer-80:20
1.0,8.78639088569555e-12,0.0,556209273,transfer-80:20
0.005743009969592094,0.9942570328712463,1.0,556209273,transfer-80:20
0.010957556776702404,0.9890424609184265,1.0,556209273,transfer-80:20
0.007655217777937651,0.9923447966575623,1.0,556209273,transfer-80:20
0.31897541880607605,0.6810246109962463,1.0,556209273,transfer-80:20
0.8373434543609619,0.16265656054019928,0.0,556209273,transfer-80:20
0.9995784163475037,0.0004215857479721308,0.0,556209273,transfer-80:20
0.07430657744407654,0.9256934523582458,1.0,556209273,transfer-80:20
0.14938504993915558,0.8506149649620056,1.0,556209273,transfer-80:20
0.04557103291153908,0.9544289708137512,1.0,556209273,transfer-80:20
0.0733594223856926,0.926640510559082,1.0,556209273,transfer-80:20
0.7781113386154175,0.2218887358903885,0.0,556209273,transfer-80:20
0.011438255198299885,0.988561749458313,1.0,556209273,transfer-80:20
0.13682392239570618,0.8631761074066162,1.0,556209273,transfer-80:20
0.05293360725045204,0.9470663666725159,1.0,556209273,transfer-80:20
0.17485465109348297,0.8251453042030334,0.0,556209273,transfer-80:20
0.13604260981082916,0.863957405090332,0.0,556209273,transfer-80:20
0.9999984502792358,1.5797882042534184e-06,0.0,556209273,transfer-80:20
0.13585498929023743,0.8641449809074402,1.0,556209273,transfer-80:20
0.03356102108955383,0.9664389491081238,0.0,556209273,transfer-80:20
0.15331152081489563,0.8466885089874268,1.0,556209273,transfer-80:20
0.19086462259292603,0.8091354370117188,1.0,556209273,transfer-80:20
0.6246253848075867,0.37537458539009094,0.0,556209273,transfer-80:20
0.9987043142318726,0.0012956717982888222,0.0,556209273,transfer-80:20
0.011537162587046623,0.9884628653526306,1.0,556209273,transfer-80:20
0.064782053232193,0.9352179765701294,1.0,556209273,transfer-80:20
0.6468968987464905,0.3531031608581543,0.0,556209273,transfer-80:20
0.032538268715143204,0.9674617052078247,1.0,556209273,transfer-80:20
0.2496437281370163,0.7503562569618225,1.0,556209273,transfer-80:20
0.1368253380060196,0.8631746172904968,0.0,556209273,transfer-80:20
0.07327014952898026,0.9267299175262451,1.0,556209273,transfer-80:20
0.2659449279308319,0.7340550422668457,1.0,556209273,transfer-80:20
0.7836578488349915,0.21634219586849213,1.0,556209273,transfer-80:20
0.02827661670744419,0.9717233777046204,1.0,556209273,transfer-80:20
0.010893512517213821,0.9891064763069153,1.0,556209273,transfer-80:20
0.10874195396900177,0.8912580609321594,0.0,556209273,transfer-80:20
0.14656178653240204,0.8534381985664368,0.0,556209273,transfer-80:20
0.10103828459978104,0.8989617228507996,1.0,556209273,transfer-80:20
0.0733623057603836,0.9266376495361328,1.0,556209273,transfer-80:20
0.13592375814914703,0.8640762567520142,1.0,556209273,transfer-80:20
0.145028755068779,0.854971170425415,1.0,556209273,transfer-80:20
0.1358565390110016,0.8641434907913208,1.0,556209273,transfer-80:20
0.015467654913663864,0.9845322966575623,1.0,556209273,transfer-80:20
0.24455468356609344,0.7554453015327454,1.0,556209273,transfer-80:20
0.04699895903468132,0.953001081943512,1.0,556209273,transfer-80:20
0.2503446340560913,0.7496554255485535,1.0,556209273,transfer-80:20
0.03251954913139343,0.967480480670929,1.0,556209273,transfer-80:20
0.0005525247543118894,0.9994475245475769,1.0,556209273,transfer-80:20
0.00025563203962519765,0.9997443556785583,1.0,556209273,transfer-80:20
0.13674691319465637,0.8632530570030212,1.0,556209273,transfer-80:20
0.1359221488237381,0.8640778660774231,1.0,556209273,transfer-80:20
0.13652023673057556,0.8634797930717468,1.0,556209273,transfer-80:20
0.31824472546577454,0.6817552447319031,1.0,556209273,transfer-80:20
0.9631438255310059,0.03685612976551056,0.0,556209273,transfer-80:20
0.08515247702598572,0.9148474931716919,1.0,556209273,transfer-80:20
0.017386382445693016,0.9826136231422424,1.0,556209273,transfer-80:20
0.20210805535316467,0.7978919148445129,1.0,556209273,transfer-80:20
0.9999984502792358,1.6035265844038804e-06,0.0,556209273,transfer-80:20
0.0043654837645590305,0.9956344962120056,1.0,556209273,transfer-80:20
0.02972756326198578,0.9702724814414978,1.0,556209273,transfer-80:20
0.14460355043411255,0.8553964495658875,1.0,556209273,transfer-80:20
0.08265785872936249,0.9173421859741211,1.0,556209273,transfer-80:20
0.007732208352535963,0.9922677874565125,1.0,556209273,transfer-80:20
0.07506544888019562,0.9249345660209656,1.0,556209273,transfer-80:20
0.9999089241027832,9.101651812670752e-05,0.0,556209273,transfer-80:20
0.14250175654888153,0.857498288154602,1.0,556209273,transfer-80:20
0.07345439493656158,0.9265456795692444,1.0,556209273,transfer-80:20
0.19198201596736908,0.8080180287361145,1.0,556209273,transfer-80:20
0.20455850660800934,0.7954414486885071,1.0,556209273,transfer-80:20
0.13529376685619354,0.8647061586380005,1.0,556209273,transfer-80:20
1.0,2.5293986904983967e-09,0.0,556209273,transfer-80:20
0.000502861337736249,0.9994971752166748,1.0,556209273,transfer-80:20
0.10152770578861237,0.8984723091125488,1.0,556209273,transfer-80:20
0.9999889135360718,1.1096532034571283e-05,0.0,556209273,transfer-80:20
0.15879100561141968,0.8412090539932251,1.0,556209273,transfer-80:20
0.9999384880065918,6.155016308184713e-05,0.0,556209273,transfer-80:20
0.0005421120440587401,0.9994578957557678,1.0,556209273,transfer-80:20
0.014009382575750351,0.9859906435012817,0.0,556209273,transfer-80:20
0.3833082616329193,0.6166917681694031,0.0,556209273,transfer-80:20
0.09201373159885406,0.9079862236976624,1.0,556209273,transfer-80:20
0.18293078243732452,0.8170692324638367,0.0,556209273,transfer-80:20
1.0,4.391107269463568e-12,0.0,556209273,transfer-80:20
0.9999498128890991,5.023998164688237e-05,0.0,556209273,transfer-80:20
0.10671254992485046,0.8932874798774719,1.0,556209273,transfer-80:20
0.0050494251772761345,0.994950532913208,1.0,556209273,transfer-80:20
0.017386382445693016,0.9826136231422424,1.0,556209273,transfer-80:20
0.37822943925857544,0.6217705607414246,0.0,556209273,transfer-80:20
0.36388877034187317,0.6361112594604492,0.0,556209273,transfer-80:20
0.15103474259376526,0.8489652872085571,0.0,556209273,transfer-80:20
0.06630493700504303,0.9336950778961182,1.0,556209273,transfer-80:20
0.09386947005987167,0.9061305522918701,1.0,556209273,transfer-80:20
0.05006122216582298,0.9499387741088867,1.0,556209273,transfer-80:20
0.025411410257220268,0.9745886325836182,1.0,556209273,transfer-80:20
0.08994585275650024,0.9100541472434998,1.0,556209273,transfer-80:20
0.000502861337736249,0.9994971752166748,1.0,556209273,transfer-80:20
0.00025563203962519765,0.9997443556785583,1.0,556209273,transfer-80:20
0.17200367152690887,0.8279963135719299,1.0,556209273,transfer-80:20
0.02855646423995495,0.9714435338973999,1.0,556209273,transfer-80:20
0.13583382964134216,0.8641662001609802,1.0,556209273,transfer-80:20
1.0,2.7570093763529258e-08,0.0,556209273,transfer-80:20
0.01835641823709011,0.9816436171531677,1.0,556209273,transfer-80:20
0.07754891365766525,0.9224510788917542,1.0,556209273,transfer-80:20
0.0043564895167946815,0.9956434965133667,1.0,556209273,transfer-80:20
0.01835641823709011,0.9816436171531677,1.0,556209273,transfer-80:20
0.1432887464761734,0.856711208820343,0.0,556209273,transfer-80:20
0.010974560864269733,0.9890254139900208,1.0,556209273,transfer-80:20
0.9965381622314453,0.003461888525635004,0.0,556209273,transfer-80:20
0.01835641823709011,0.9816436171531677,1.0,556209273,transfer-80:20
0.10103828459978104,0.8989617228507996,1.0,556209273,transfer-80:20
0.13673648238182068,0.8632635474205017,1.0,556209273,transfer-80:20
0.05695575475692749,0.9430443048477173,0.0,556209273,transfer-80:20
0.09876374155282974,0.9012362360954285,0.0,556209273,transfer-80:20
0.05913679674267769,0.9408631920814514,1.0,556209273,transfer-80:20
0.20630349218845367,0.7936964631080627,0.0,556209273,transfer-80:20
0.0035415946040302515,0.9964583516120911,1.0,556209273,transfer-80:20
0.24649333953857422,0.7535066604614258,1.0,556209273,transfer-80:20
0.13333401083946228,0.8666659593582153,1.0,556209273,transfer-80:20
0.14938504993915558,0.8506149649620056,1.0,556209273,transfer-80:20
0.07422232627868652,0.9257776141166687,1.0,556209273,transfer-80:20
0.13006338477134705,0.8699365854263306,1.0,556209273,transfer-80:20
0.39889392256736755,0.6011060476303101,1.0,556209273,transfer-80:20
0.9631730318069458,0.03682699799537659,0.0,556209273,transfer-80:20
0.027735358104109764,0.9722646474838257,1.0,556209273,transfer-80:20
0.01835641823709011,0.9816436171531677,1.0,556209273,transfer-80:20
0.08897647261619568,0.9110234975814819,1.0,556209273,transfer-80:20
0.13373319804668427,0.8662667870521545,1.0,556209273,transfer-80:20
0.9999783039093018,2.1684407329303212e-05,0.0,556209273,transfer-80:20
0.9994210004806519,0.0005790162249468267,0.0,556209273,transfer-80:20
0.004365435801446438,0.9956346154212952,1.0,556209273,transfer-80:20
0.07488667219877243,0.9251133799552917,1.0,556209273,transfer-80:20
0.07341770827770233,0.9265822768211365,1.0,556209273,transfer-80:20
0.9992510676383972,0.0007489381241612136,1.0,556209273,transfer-80:20
0.13584978878498077,0.8641501665115356,1.0,556209273,transfer-80:20
0.9999998807907104,1.5322379454119073e-07,0.0,556209273,transfer-80:20
0.004357548430562019,0.9956424236297607,1.0,556209273,transfer-80:20
0.9995784163475037,0.0004215857479721308,0.0,556209273,transfer-80:20
0.9902138113975525,0.009786205366253853,0.0,556209273,transfer-80:20
0.004357548430562019,0.9956424236297607,1.0,556209273,transfer-80:20
0.13614052534103394,0.8638595342636108,1.0,556209273,transfer-80:20
0.07514192909002304,0.9248580932617188,1.0,556209273,transfer-80:20
0.1621985137462616,0.837801456451416,0.0,556209273,transfer-80:20
1.0855042091861833e-05,0.9999891519546509,1.0,556209273,transfer-80:20
0.01835641823709011,0.9816436171531677,1.0,556209273,transfer-80:20
0.33723315596580505,0.6627668142318726,1.0,556209273,transfer-80:20
0.2598547041416168,0.7401453256607056,0.0,556209273,transfer-80:20
0.31917452812194824,0.6808254718780518,0.0,556209273,transfer-80:20
0.06164933741092682,0.9383506178855896,1.0,556209273,transfer-80:20
0.2567158341407776,0.7432841658592224,1.0,556209273,transfer-80:20
0.34735408425331116,0.6526458859443665,1.0,556209273,transfer-80:20
0.1361074149608612,0.8638926148414612,0.0,556209273,transfer-80:20
0.01835641823709011,0.9816436171531677,1.0,556209273,transfer-80:20
0.01835641823709011,0.9816436171531677,1.0,556209273,transfer-80:20
0.1696321666240692,0.8303678035736084,1.0,556209273,transfer-80:20
0.11041915416717529,0.8895809054374695,0.0,556209273,transfer-80:20
0.3976176381111145,0.6023823618888855,0.0,556209273,transfer-80:20
0.026189744472503662,0.9738102555274963,1.0,556209273,transfer-80:20
0.06253217160701752,0.9374678134918213,1.0,556209273,transfer-80:20
0.07342638075351715,0.9265735745429993,1.0,556209273,transfer-80:20
0.13674691319465637,0.8632530570030212,1.0,556209273,transfer-80:20
